{"score": 0.5229166666666667, "training_time": 65.453514}